Data,Algorithm,Clusters,ARI,NMI
Pollen,WAC,11,0.8855713108255809,0.9454337226856938
Pollen,WAC,11,0.8855713108255809,0.9454337226856938
Pollen,WAC,11,0.8855713108255809,0.9454337226856938
Pollen,WAC,11,0.8855713108255809,0.9454337226856938
Pollen,WAC,11,0.8855713108255809,0.9454337226856938
Pollen,WAC,11,0.8855713108255809,0.9454337226856938
Pollen,WAC,11,0.8855713108255809,0.9454337226856938
Pollen,WAC,11,0.8855713108255809,0.9454337226856938
Pollen,WAC,11,0.8855713108255809,0.9454337226856938
Pollen,WAC,11,0.8855713108255809,0.9454337226856938
Pollen,WAC,11,0.8855713108255809,0.9454337226856938
Pollen,WAC,11,0.8855713108255809,0.9454337226856938
Pollen,WAC,11,0.8855713108255809,0.9454337226856938
Pollen,WAC,11,0.8855713108255809,0.9454337226856938
Pollen,WAC,11,0.8855713108255809,0.9454337226856938
Pollen,WAC,11,0.8855713108255809,0.9454337226856938
Pollen,WAC,11,0.8855713108255809,0.9454337226856938
Pollen,WAC,11,0.8855713108255809,0.9454337226856938
Pollen,WAC,11,0.8855713108255809,0.9454337226856938
Pollen,WAC,11,0.8855713108255809,0.9454337226856938
Pollen,T-WAC,11,0.9594450025742935,0.9586829186685061
Pollen,T-WAC,11,0.9594450025742935,0.9586829186685061
Pollen,T-WAC,11,0.9594450025742935,0.9586829186685061
Pollen,T-WAC,11,0.9594450025742935,0.9586829186685061
Pollen,T-WAC,11,0.9594450025742935,0.9586829186685061
Pollen,T-WAC,11,0.9594450025742935,0.9586829186685061
Pollen,T-WAC,11,0.9594450025742935,0.9586829186685061
Pollen,T-WAC,11,0.9594450025742935,0.9586829186685061
Pollen,T-WAC,11,0.9594450025742935,0.9586829186685061
Pollen,T-WAC,11,0.9594450025742935,0.9586829186685061
Pollen,T-WAC,11,0.9594450025742935,0.9586829186685061
Pollen,T-WAC,11,0.9594450025742935,0.9586829186685061
Pollen,T-WAC,11,0.9594450025742935,0.9586829186685061
Pollen,T-WAC,11,0.9594450025742935,0.9586829186685061
Pollen,T-WAC,11,0.9594450025742935,0.9586829186685061
Pollen,T-WAC,11,0.9594450025742935,0.9586829186685061
Pollen,T-WAC,11,0.9594450025742935,0.9586829186685061
Pollen,T-WAC,11,0.9594450025742935,0.9586829186685061
Pollen,T-WAC,11,0.9594450025742935,0.9586829186685061
Pollen,T-WAC,11,0.9594450025742935,0.9586829186685061
Pollen,EM,11,0.2188070552601416,0.9297615550753336
Pollen,EM,11,0.11745293073611549,0.9013148678852487
Pollen,EM,11,0.3129093749794557,0.9048039821158349
Pollen,EM,11,0.06462470036452836,0.9302394565923027
Pollen,EM,11,0.2663696502601246,0.9081559478377408
Pollen,EM,11,0.2964692731645914,0.9169600716605872
Pollen,EM,11,0.11650500798980355,0.857958180694973
Pollen,EM,11,0.14919701083336734,0.9103752474052426
Pollen,EM,11,0.12650530849191066,0.9459556418356833
Pollen,EM,11,0.20750787831598422,0.8970522452551505
Pollen,EM,11,0.23749923793655306,0.9128208223675487
Pollen,EM,11,0.14120933295427343,0.9191273758134144
Pollen,EM,11,0.11911501360756685,0.925447265170705
Pollen,EM,11,0.4166468341532814,0.9250173488832107
Pollen,EM,11,0.4209560194653423,0.8764697666632577
Pollen,EM,11,0.28716953277159746,0.9161622654802863
Pollen,EM,11,0.13276820718372323,0.9398895823458351
Pollen,EM,11,0.1028921771014614,0.8963099718926826
Pollen,EM,11,0.17794705763503957,0.8882440826468917
Pollen,EM,11,0.37991980060732705,0.8988510461225387
Pollen,T-EM,11,0.878737281893431,0.9297615550753336
Pollen,T-EM,11,0.7785998084513035,0.9013148678852487
Pollen,T-EM,11,0.8405370233060155,0.9048039821158349
Pollen,T-EM,11,0.899456168428006,0.9302394565923027
Pollen,T-EM,11,0.8020329441513566,0.9081559478377408
Pollen,T-EM,11,0.8534071512973269,0.9169600716605872
Pollen,T-EM,11,0.7026215083973929,0.857958180694973
Pollen,T-EM,11,0.801806921455236,0.9103752474052426
Pollen,T-EM,11,0.9201030548034124,0.9459556418356833
Pollen,T-EM,11,0.7876933856140312,0.8970522452551505
Pollen,T-EM,11,0.8334485701431292,0.9128208223675487
Pollen,T-EM,11,0.9071765880567615,0.9191273758134144
Pollen,T-EM,11,0.8835816117642351,0.925447265170705
Pollen,T-EM,11,0.9070702472679362,0.9250173488832107
Pollen,T-EM,11,0.7640689314612976,0.8764697666632577
Pollen,T-EM,11,0.8573275972172412,0.9161622654802863
Pollen,T-EM,11,0.917008298168594,0.9398895823458351
Pollen,T-EM,11,0.7925766607901221,0.8963099718926826
Pollen,T-EM,11,0.7534616374743341,0.8882440826468917
Pollen,T-EM,11,0.75809080980907,0.8988510461225387
Darmanis,WAC,8,0.5908642889835009,0.7687247327894778
Darmanis,WAC,8,0.5908642889835009,0.7687247327894778
Darmanis,WAC,8,0.5908642889835009,0.7687247327894778
Darmanis,WAC,8,0.5908642889835009,0.7687247327894778
Darmanis,WAC,8,0.5908642889835009,0.7687247327894778
Darmanis,WAC,8,0.5908642889835009,0.7687247327894778
Darmanis,WAC,8,0.5908642889835009,0.7687247327894778
Darmanis,WAC,8,0.5908642889835009,0.7687247327894778
Darmanis,WAC,8,0.5908642889835009,0.7687247327894778
Darmanis,WAC,8,0.5908642889835009,0.7687247327894778
Darmanis,WAC,8,0.5908642889835009,0.7687247327894778
Darmanis,WAC,8,0.5908642889835009,0.7687247327894778
Darmanis,WAC,8,0.5908642889835009,0.7687247327894778
Darmanis,WAC,8,0.5908642889835009,0.7687247327894778
Darmanis,WAC,8,0.5908642889835009,0.7687247327894778
Darmanis,WAC,8,0.5908642889835009,0.7687247327894778
Darmanis,WAC,8,0.5908642889835009,0.7687247327894778
Darmanis,WAC,8,0.5908642889835009,0.7687247327894778
Darmanis,WAC,8,0.5908642889835009,0.7687247327894778
Darmanis,WAC,8,0.5908642889835009,0.7687247327894778
Darmanis,T-WAC,8,0.6570065714480391,0.797701059236352
Darmanis,T-WAC,8,0.6570065714480391,0.797701059236352
Darmanis,T-WAC,8,0.6570065714480391,0.797701059236352
Darmanis,T-WAC,8,0.6570065714480391,0.797701059236352
Darmanis,T-WAC,8,0.6570065714480391,0.797701059236352
Darmanis,T-WAC,8,0.6570065714480391,0.797701059236352
Darmanis,T-WAC,8,0.6570065714480391,0.797701059236352
Darmanis,T-WAC,8,0.6570065714480391,0.797701059236352
Darmanis,T-WAC,8,0.6570065714480391,0.797701059236352
Darmanis,T-WAC,8,0.6570065714480391,0.797701059236352
Darmanis,T-WAC,8,0.6570065714480391,0.797701059236352
Darmanis,T-WAC,8,0.6570065714480391,0.797701059236352
Darmanis,T-WAC,8,0.6570065714480391,0.797701059236352
Darmanis,T-WAC,8,0.6570065714480391,0.797701059236352
Darmanis,T-WAC,8,0.6570065714480391,0.797701059236352
Darmanis,T-WAC,8,0.6570065714480391,0.797701059236352
Darmanis,T-WAC,8,0.6570065714480391,0.797701059236352
Darmanis,T-WAC,8,0.6570065714480391,0.797701059236352
Darmanis,T-WAC,8,0.6570065714480391,0.797701059236352
Darmanis,T-WAC,8,0.6570065714480391,0.797701059236352
Darmanis,EM,8,0.3312714009012152,0.7363503011129999
Darmanis,EM,8,0.22470858623556855,0.702538387425522
Darmanis,EM,8,0.11018048888324954,0.6944928287700993
Darmanis,EM,8,0.28754620294677674,0.6991443783375652
Darmanis,EM,8,0.374599666986076,0.6855525037717473
Darmanis,EM,8,0.09199855502470543,0.6019940284514336
Darmanis,EM,8,0.0784056280487068,0.7082724315126954
Darmanis,EM,8,0.10479458759178589,0.6713774172163095
Darmanis,EM,8,0.1322765835392972,0.7702017138310207
Darmanis,EM,8,0.09287093249876885,0.678186317468632
Darmanis,EM,8,0.1809388517843515,0.6153669556308408
Darmanis,EM,8,0.4497891869550619,0.7258692306964812
Darmanis,EM,8,0.1666544770459237,0.6556073062724523
Darmanis,EM,8,0.4123512404666312,0.7400365977581879
Darmanis,EM,8,0.14392691587298223,0.698526097552465
Darmanis,EM,8,0.17053292724795652,0.7160586087050137
Darmanis,EM,8,0.10141634447275359,0.5453553611777658
Darmanis,EM,8,0.5138317996044266,0.6920856722215095
Darmanis,EM,8,0.03696949852802793,0.5834826358075723
Darmanis,EM,8,0.3698123684951424,0.6925706729182934
Darmanis,T-EM,8,0.633149930373686,0.7363503011129999
Darmanis,T-EM,8,0.69027757048096,0.702538387425522
Darmanis,T-EM,8,0.5614701197264318,0.6944928287700993
Darmanis,T-EM,8,0.5844720948306047,0.6991443783375652
Darmanis,T-EM,8,0.5616344948153634,0.6855525037717473
Darmanis,T-EM,8,0.42730001321877475,0.6019940284514336
Darmanis,T-EM,8,0.5674146110098106,0.7082724315126954
Darmanis,T-EM,8,0.5411800492824118,0.6713774172163095
Darmanis,T-EM,8,0.69891127843433,0.7702017138310207
Darmanis,T-EM,8,0.46870991652654664,0.678186317468632
Darmanis,T-EM,8,0.45398318481022487,0.6153669556308408
Darmanis,T-EM,8,0.574214453240251,0.7258692306964812
Darmanis,T-EM,8,0.586327458977458,0.6556073062724523
Darmanis,T-EM,8,0.6628154399830405,0.7400365977581879
Darmanis,T-EM,8,0.5642695048515786,0.698526097552465
Darmanis,T-EM,8,0.5732524401987428,0.7160586087050137
Darmanis,T-EM,8,0.3894189068468028,0.5453553611777658
Darmanis,T-EM,8,0.4966967031593525,0.6920856722215095
Darmanis,T-EM,8,0.4470224245215318,0.5834826358075723
Darmanis,T-EM,8,0.5850926013742834,0.6925706729182934
Usoskin,WAC,4,0.46151934589448357,0.5558355884785183
Usoskin,WAC,4,0.46151934589448357,0.5558355884785183
Usoskin,WAC,4,0.46151934589448357,0.5558355884785183
Usoskin,WAC,4,0.46151934589448357,0.5558355884785183
Usoskin,WAC,4,0.46151934589448357,0.5558355884785183
Usoskin,WAC,4,0.46151934589448357,0.5558355884785183
Usoskin,WAC,4,0.46151934589448357,0.5558355884785183
Usoskin,WAC,4,0.46151934589448357,0.5558355884785183
Usoskin,WAC,4,0.46151934589448357,0.5558355884785183
Usoskin,WAC,4,0.46151934589448357,0.5558355884785183
Usoskin,WAC,4,0.46151934589448357,0.5558355884785183
Usoskin,WAC,4,0.46151934589448357,0.5558355884785183
Usoskin,WAC,4,0.46151934589448357,0.5558355884785183
Usoskin,WAC,4,0.46151934589448357,0.5558355884785183
Usoskin,WAC,4,0.46151934589448357,0.5558355884785183
Usoskin,WAC,4,0.46151934589448357,0.5558355884785183
Usoskin,WAC,4,0.46151934589448357,0.5558355884785183
Usoskin,WAC,4,0.46151934589448357,0.5558355884785183
Usoskin,WAC,4,0.46151934589448357,0.5558355884785183
Usoskin,WAC,4,0.46151934589448357,0.5558355884785183
Usoskin,T-WAC,4,0.6966482513197796,0.7283245849760452
Usoskin,T-WAC,4,0.6966482513197796,0.7283245849760452
Usoskin,T-WAC,4,0.6966482513197796,0.7283245849760452
Usoskin,T-WAC,4,0.6966482513197796,0.7283245849760452
Usoskin,T-WAC,4,0.6966482513197796,0.7283245849760452
Usoskin,T-WAC,4,0.6966482513197796,0.7283245849760452
Usoskin,T-WAC,4,0.6966482513197796,0.7283245849760452
Usoskin,T-WAC,4,0.6966482513197796,0.7283245849760452
Usoskin,T-WAC,4,0.6966482513197796,0.7283245849760452
Usoskin,T-WAC,4,0.6966482513197796,0.7283245849760452
Usoskin,T-WAC,4,0.6966482513197796,0.7283245849760452
Usoskin,T-WAC,4,0.6966482513197796,0.7283245849760452
Usoskin,T-WAC,4,0.6966482513197796,0.7283245849760452
Usoskin,T-WAC,4,0.6966482513197796,0.7283245849760452
Usoskin,T-WAC,4,0.6966482513197796,0.7283245849760452
Usoskin,T-WAC,4,0.6966482513197796,0.7283245849760452
Usoskin,T-WAC,4,0.6966482513197796,0.7283245849760452
Usoskin,T-WAC,4,0.6966482513197796,0.7283245849760452
Usoskin,T-WAC,4,0.6966482513197796,0.7283245849760452
Usoskin,T-WAC,4,0.6966482513197796,0.7283245849760452
Usoskin,EM,4,0.20230466814822876,0.33984395193686817
Usoskin,EM,4,0.04039459041681794,0.337877719057226
Usoskin,EM,4,0.14687750117387846,0.6166472651453688
Usoskin,EM,4,0.15797165165869373,0.7260739498515751
Usoskin,EM,4,0.198158746755212,0.3436214961723305
Usoskin,EM,4,0.03540860719704005,0.6189385340005605
Usoskin,EM,4,0.11554530319836266,0.37608948607643045
Usoskin,EM,4,0.3089833271820319,0.6439630398661974
Usoskin,EM,4,0.12537964341517593,0.6402723974427131
Usoskin,EM,4,0.07310046466237026,0.6173586702052707
Usoskin,EM,4,0.25571886207635375,0.6126065113210297
Usoskin,EM,4,0.26961130543431777,0.35084387647922555
Usoskin,EM,4,0.14034329372059437,0.66963716243543
Usoskin,EM,4,0.1126273463019601,0.6199702449030721
Usoskin,EM,4,0.2508890169427578,0.41891048974037176
Usoskin,EM,4,0.23951845470959468,0.6812240701145681
Usoskin,EM,4,0.22570834097093673,0.661822856952868
Usoskin,EM,4,0.260278712399992,0.6060656720450533
Usoskin,EM,4,0.4003081677220489,0.4299505560730117
Usoskin,EM,4,0.2774205759195516,0.5598391482510652
Usoskin,T-EM,4,0.2907610238270777,0.33984395193686817
Usoskin,T-EM,4,0.3122286101237752,0.337877719057226
Usoskin,T-EM,4,0.680228448886808,0.6166472651453688
Usoskin,T-EM,4,0.7830131712037418,0.7260739498515751
Usoskin,T-EM,4,0.3186596835239136,0.3436214961723305
Usoskin,T-EM,4,0.6642429896245791,0.6189385340005605
Usoskin,T-EM,4,0.34475485581667265,0.37608948607643045
Usoskin,T-EM,4,0.7043158838137388,0.6439630398661974
Usoskin,T-EM,4,0.7060871427601167,0.6402723974427131
Usoskin,T-EM,4,0.6488510868043197,0.6173586702052707
Usoskin,T-EM,4,0.6540299834903186,0.6126065113210297
Usoskin,T-EM,4,0.3033535789147982,0.35084387647922555
Usoskin,T-EM,4,0.7455638651554519,0.66963716243543
Usoskin,T-EM,4,0.6839444549422851,0.6199702449030721
Usoskin,T-EM,4,0.42584487342141936,0.41891048974037176
Usoskin,T-EM,4,0.7522183115045992,0.6812240701145681
Usoskin,T-EM,4,0.6823351559651131,0.661822856952868
Usoskin,T-EM,4,0.650548272177942,0.6060656720450533
Usoskin,T-EM,4,0.3622837320153785,0.4299505560730117
Usoskin,T-EM,4,0.584063517851069,0.5598391482510652
Mouse_pan,WAC,13,0.4012475835198489,0.6957184687675418
Mouse_pan,WAC,13,0.4012475835198489,0.6957184687675418
Mouse_pan,WAC,13,0.4012475835198489,0.6957184687675418
Mouse_pan,WAC,13,0.4012475835198489,0.6957184687675418
Mouse_pan,WAC,13,0.4012475835198489,0.6957184687675418
Mouse_pan,WAC,13,0.4012475835198489,0.6957184687675418
Mouse_pan,WAC,13,0.4012475835198489,0.6957184687675418
Mouse_pan,WAC,13,0.4012475835198489,0.6957184687675418
Mouse_pan,WAC,13,0.4012475835198489,0.6957184687675418
Mouse_pan,WAC,13,0.4012475835198489,0.6957184687675418
Mouse_pan,WAC,13,0.4012475835198489,0.6957184687675418
Mouse_pan,WAC,13,0.4012475835198489,0.6957184687675418
Mouse_pan,WAC,13,0.4012475835198489,0.6957184687675418
Mouse_pan,WAC,13,0.4012475835198489,0.6957184687675418
Mouse_pan,WAC,13,0.4012475835198489,0.6957184687675418
Mouse_pan,WAC,13,0.4012475835198489,0.6957184687675418
Mouse_pan,WAC,13,0.4012475835198489,0.6957184687675418
Mouse_pan,WAC,13,0.4012475835198489,0.6957184687675418
Mouse_pan,WAC,13,0.4012475835198489,0.6957184687675418
Mouse_pan,WAC,13,0.4012475835198489,0.6957184687675418
Mouse_pan,T-WAC,13,0.4826147038748859,0.7299540272491596
Mouse_pan,T-WAC,13,0.4826147038748859,0.7299540272491596
Mouse_pan,T-WAC,13,0.4826147038748859,0.7299540272491596
Mouse_pan,T-WAC,13,0.4826147038748859,0.7299540272491596
Mouse_pan,T-WAC,13,0.4826147038748859,0.7299540272491596
Mouse_pan,T-WAC,13,0.4826147038748859,0.7299540272491596
Mouse_pan,T-WAC,13,0.4826147038748859,0.7299540272491596
Mouse_pan,T-WAC,13,0.4826147038748859,0.7299540272491596
Mouse_pan,T-WAC,13,0.4826147038748859,0.7299540272491596
Mouse_pan,T-WAC,13,0.4826147038748859,0.7299540272491596
Mouse_pan,T-WAC,13,0.4826147038748859,0.7299540272491596
Mouse_pan,T-WAC,13,0.4826147038748859,0.7299540272491596
Mouse_pan,T-WAC,13,0.4826147038748859,0.7299540272491596
Mouse_pan,T-WAC,13,0.4826147038748859,0.7299540272491596
Mouse_pan,T-WAC,13,0.4826147038748859,0.7299540272491596
Mouse_pan,T-WAC,13,0.4826147038748859,0.7299540272491596
Mouse_pan,T-WAC,13,0.4826147038748859,0.7299540272491596
Mouse_pan,T-WAC,13,0.4826147038748859,0.7299540272491596
Mouse_pan,T-WAC,13,0.4826147038748859,0.7299540272491596
Mouse_pan,T-WAC,13,0.4826147038748859,0.7299540272491596
Mouse_pan,EM,13,0.42813002394073507,0.6296491748771775
Mouse_pan,EM,13,0.4233076604557106,0.6373679485679854
Mouse_pan,EM,13,0.44935074208647374,0.6430181261484047
Mouse_pan,EM,13,0.4931732028799338,0.6113332682296774
Mouse_pan,EM,13,0.22368815018206795,0.6046590017180351
Mouse_pan,EM,13,0.47575011325219047,0.6277580284206888
Mouse_pan,EM,13,0.6323174532079944,0.5732790404196572
Mouse_pan,EM,13,0.47977884894496226,0.6609240115929296
Mouse_pan,EM,13,0.27733384821664253,0.5945116286562201
Mouse_pan,EM,13,0.504713046642935,0.6051342687576147
Mouse_pan,EM,13,0.3139639360790356,0.6644603037172164
Mouse_pan,EM,13,0.5197983459289387,0.6569804472115879
Mouse_pan,EM,13,0.35267043472323606,0.634045275801205
Mouse_pan,EM,13,0.48885712649285656,0.6487021307637081
Mouse_pan,EM,13,0.664000130518928,0.6466164129550322
Mouse_pan,EM,13,0.3358719634155268,0.6579507059504512
Mouse_pan,EM,13,0.3325522768929367,0.6556240647770215
Mouse_pan,EM,13,0.2909986557635606,0.5838801837744049
Mouse_pan,EM,13,0.4562866540951046,0.6336463545111103
Mouse_pan,EM,13,0.6155293345173976,0.6423932132716963
Mouse_pan,T-EM,13,0.38604875573822806,0.6296491748771775
Mouse_pan,T-EM,13,0.39826071913803407,0.6373679485679854
Mouse_pan,T-EM,13,0.42355463652209396,0.6430181261484047
Mouse_pan,T-EM,13,0.4110350581941344,0.6113332682296774
Mouse_pan,T-EM,13,0.38019734370591096,0.6046590017180351
Mouse_pan,T-EM,13,0.3882917989466106,0.6277580284206888
Mouse_pan,T-EM,13,0.35113691806759767,0.5732790404196572
Mouse_pan,T-EM,13,0.40546764734002616,0.6609240115929296
Mouse_pan,T-EM,13,0.4980612629491812,0.5945116286562201
Mouse_pan,T-EM,13,0.44424341658988403,0.6051342687576147
Mouse_pan,T-EM,13,0.5711759036395063,0.6644603037172164
Mouse_pan,T-EM,13,0.4496327043464734,0.6569804472115879
Mouse_pan,T-EM,13,0.3624767786748248,0.634045275801205
Mouse_pan,T-EM,13,0.4313663377173836,0.6487021307637081
Mouse_pan,T-EM,13,0.39237457461567643,0.6466164129550322
Mouse_pan,T-EM,13,0.46093211575139775,0.6579507059504512
Mouse_pan,T-EM,13,0.41579331703113864,0.6556240647770215
Mouse_pan,T-EM,13,0.3553125538086635,0.5838801837744049
Mouse_pan,T-EM,13,0.4355727699912834,0.6336463545111103
Mouse_pan,T-EM,13,0.4056167686791877,0.6423932132716963
Muraro,WAC,9,0.8988873101956437,0.8661292490299662
Muraro,WAC,9,0.8988873101956437,0.8661292490299662
Muraro,WAC,9,0.8988873101956437,0.8661292490299662
Muraro,WAC,9,0.8988873101956437,0.8661292490299662
Muraro,WAC,9,0.8988873101956437,0.8661292490299662
Muraro,WAC,9,0.8988873101956437,0.8661292490299662
Muraro,WAC,9,0.8988873101956437,0.8661292490299662
Muraro,WAC,9,0.8988873101956437,0.8661292490299662
Muraro,WAC,9,0.8988873101956437,0.8661292490299662
Muraro,WAC,9,0.8988873101956437,0.8661292490299662
Muraro,WAC,9,0.8988873101956437,0.8661292490299662
Muraro,WAC,9,0.8988873101956437,0.8661292490299662
Muraro,WAC,9,0.8988873101956437,0.8661292490299662
Muraro,WAC,9,0.8988873101956437,0.8661292490299662
Muraro,WAC,9,0.8988873101956437,0.8661292490299662
Muraro,WAC,9,0.8988873101956437,0.8661292490299662
Muraro,WAC,9,0.8988873101956437,0.8661292490299662
Muraro,WAC,9,0.8988873101956437,0.8661292490299662
Muraro,WAC,9,0.8988873101956437,0.8661292490299662
Muraro,WAC,9,0.8988873101956437,0.8661292490299662
Muraro,T-WAC,9,0.925495850944138,0.8815675910196984
Muraro,T-WAC,9,0.925495850944138,0.8815675910196984
Muraro,T-WAC,9,0.925495850944138,0.8815675910196984
Muraro,T-WAC,9,0.925495850944138,0.8815675910196984
Muraro,T-WAC,9,0.925495850944138,0.8815675910196984
Muraro,T-WAC,9,0.925495850944138,0.8815675910196984
Muraro,T-WAC,9,0.925495850944138,0.8815675910196984
Muraro,T-WAC,9,0.925495850944138,0.8815675910196984
Muraro,T-WAC,9,0.925495850944138,0.8815675910196984
Muraro,T-WAC,9,0.925495850944138,0.8815675910196984
Muraro,T-WAC,9,0.925495850944138,0.8815675910196984
Muraro,T-WAC,9,0.925495850944138,0.8815675910196984
Muraro,T-WAC,9,0.925495850944138,0.8815675910196984
Muraro,T-WAC,9,0.925495850944138,0.8815675910196984
Muraro,T-WAC,9,0.925495850944138,0.8815675910196984
Muraro,T-WAC,9,0.925495850944138,0.8815675910196984
Muraro,T-WAC,9,0.925495850944138,0.8815675910196984
Muraro,T-WAC,9,0.925495850944138,0.8815675910196984
Muraro,T-WAC,9,0.925495850944138,0.8815675910196984
Muraro,T-WAC,9,0.925495850944138,0.8815675910196984
Muraro,EM,9,0.4653249660445127,0.570373924723279
Muraro,EM,9,0.6433634453057353,0.5417451877264228
Muraro,EM,9,0.514530192587961,0.5561515706072301
Muraro,EM,9,0.5014238094321091,0.5628175327586404
Muraro,EM,9,0.38051264292154774,0.534957162762234
Muraro,EM,9,0.19961869858774037,0.5707059130613175
Muraro,EM,9,0.3228961873448597,0.586134258332019
Muraro,EM,9,0.2383972906971706,0.5664718389818867
Muraro,EM,9,0.30216034800408026,0.597069192131477
Muraro,EM,9,0.2454238718305434,0.5457628796778102
Muraro,EM,9,0.23798241048260219,0.5457168529189945
Muraro,EM,9,0.3419873005787193,0.6211723524653127
Muraro,EM,9,0.4674808136960436,0.5305242457643219
Muraro,EM,9,0.2742449122406005,0.6413700857822459
Muraro,EM,9,0.5291149217702004,0.5173895137669281
Muraro,EM,9,0.39933338996164747,0.6299922262563522
Muraro,EM,9,0.3160532642496122,0.6076938268243666
Muraro,EM,9,0.47024217335028523,0.5959114179767138
Muraro,EM,9,0.24133967747386578,0.606457432070184
Muraro,EM,9,0.7805053304169994,0.5634188201512822
Muraro,T-EM,9,0.49202581981417837,0.570373924723279
Muraro,T-EM,9,0.41932838529070987,0.5417451877264228
Muraro,T-EM,9,0.3491575391593712,0.5561515706072301
Muraro,T-EM,9,0.5145102600788961,0.5628175327586404
Muraro,T-EM,9,0.44614242325073694,0.534957162762234
Muraro,T-EM,9,0.3284498897540713,0.5707059130613175
Muraro,T-EM,9,0.37846237675588706,0.586134258332019
Muraro,T-EM,9,0.49096243675406803,0.5664718389818867
Muraro,T-EM,9,0.4323901712488485,0.597069192131477
Muraro,T-EM,9,0.450935710132029,0.5457628796778102
Muraro,T-EM,9,0.39288889309737196,0.5457168529189945
Muraro,T-EM,9,0.5350773273545294,0.6211723524653127
Muraro,T-EM,9,0.4701379531960627,0.5305242457643219
Muraro,T-EM,9,0.6129912165649885,0.6413700857822459
Muraro,T-EM,9,0.36744031904058655,0.5173895137669281
Muraro,T-EM,9,0.5218345962537091,0.6299922262563522
Muraro,T-EM,9,0.49162021472978196,0.6076938268243666
Muraro,T-EM,9,0.556443591944979,0.5959114179767138
Muraro,T-EM,9,0.4348910633989793,0.606457432070184
Muraro,T-EM,9,0.5272363881461645,0.5634188201512822
QSLimb,WAC,6,0.6559945258578161,0.8018377342258196
QSLimb,WAC,6,0.6559945258578161,0.8018377342258196
QSLimb,WAC,6,0.6559945258578161,0.8018377342258196
QSLimb,WAC,6,0.6559945258578161,0.8018377342258196
QSLimb,WAC,6,0.6559945258578161,0.8018377342258196
QSLimb,WAC,6,0.6559945258578161,0.8018377342258196
QSLimb,WAC,6,0.6559945258578161,0.8018377342258196
QSLimb,WAC,6,0.6559945258578161,0.8018377342258196
QSLimb,WAC,6,0.6559945258578161,0.8018377342258196
QSLimb,WAC,6,0.6559945258578161,0.8018377342258196
QSLimb,WAC,6,0.6559945258578161,0.8018377342258196
QSLimb,WAC,6,0.6559945258578161,0.8018377342258196
QSLimb,WAC,6,0.6559945258578161,0.8018377342258196
QSLimb,WAC,6,0.6559945258578161,0.8018377342258196
QSLimb,WAC,6,0.6559945258578161,0.8018377342258196
QSLimb,WAC,6,0.6559945258578161,0.8018377342258196
QSLimb,WAC,6,0.6559945258578161,0.8018377342258196
QSLimb,WAC,6,0.6559945258578161,0.8018377342258196
QSLimb,WAC,6,0.6559945258578161,0.8018377342258196
QSLimb,WAC,6,0.6559945258578161,0.8018377342258196
QSLimb,T-WAC,6,0.5733120483324626,0.7536034114449118
QSLimb,T-WAC,6,0.5733120483324626,0.7536034114449118
QSLimb,T-WAC,6,0.5733120483324626,0.7536034114449118
QSLimb,T-WAC,6,0.5733120483324626,0.7536034114449118
QSLimb,T-WAC,6,0.5733120483324626,0.7536034114449118
QSLimb,T-WAC,6,0.5733120483324626,0.7536034114449118
QSLimb,T-WAC,6,0.5733120483324626,0.7536034114449118
QSLimb,T-WAC,6,0.5733120483324626,0.7536034114449118
QSLimb,T-WAC,6,0.5733120483324626,0.7536034114449118
QSLimb,T-WAC,6,0.5733120483324626,0.7536034114449118
QSLimb,T-WAC,6,0.5733120483324626,0.7536034114449118
QSLimb,T-WAC,6,0.5733120483324626,0.7536034114449118
QSLimb,T-WAC,6,0.5733120483324626,0.7536034114449118
QSLimb,T-WAC,6,0.5733120483324626,0.7536034114449118
QSLimb,T-WAC,6,0.5733120483324626,0.7536034114449118
QSLimb,T-WAC,6,0.5733120483324626,0.7536034114449118
QSLimb,T-WAC,6,0.5733120483324626,0.7536034114449118
QSLimb,T-WAC,6,0.5733120483324626,0.7536034114449118
QSLimb,T-WAC,6,0.5733120483324626,0.7536034114449118
QSLimb,T-WAC,6,0.5733120483324626,0.7536034114449118
QSLimb,EM,6,0.4630938868327184,0.745930835215248
QSLimb,EM,6,0.28807629770522786,0.7387886613880813
QSLimb,EM,6,0.4907409597986076,0.7607171445753724
QSLimb,EM,6,0.36978332603926195,0.6965683986633774
QSLimb,EM,6,0.7494988949725178,0.739316835339543
QSLimb,EM,6,0.5170753584323706,0.6882502003957036
QSLimb,EM,6,0.5446247660440012,0.7526481183734478
QSLimb,EM,6,0.7152079748928805,0.809200945494876
QSLimb,EM,6,0.3560828169501404,0.7536075764146661
QSLimb,EM,6,0.26315560629380436,0.6963899101758251
QSLimb,EM,6,0.37995720817841966,0.714514264318385
QSLimb,EM,6,0.6688476725088559,0.727225625006791
QSLimb,EM,6,0.498965879526274,0.8058832447088675
QSLimb,EM,6,0.2594597858680252,0.748317994207926
QSLimb,EM,6,0.44478623529736794,0.7508625317470888
QSLimb,EM,6,0.49105696730780246,0.8044569782834557
QSLimb,EM,6,0.36240837111605,0.7795038809232616
QSLimb,EM,6,0.6295706719373948,0.7305383717729932
QSLimb,EM,6,0.7087119908219722,0.7626881539820022
QSLimb,EM,6,0.7749924309236099,0.6957219636003231
QSLimb,T-EM,6,0.5730675977049444,0.745930835215248
QSLimb,T-EM,6,0.5768893816561913,0.7387886613880813
QSLimb,T-EM,6,0.5630551650857764,0.7607171445753724
QSLimb,T-EM,6,0.502272109404964,0.6965683986633774
QSLimb,T-EM,6,0.5630651625580592,0.739316835339543
QSLimb,T-EM,6,0.5036299948052905,0.6882502003957036
QSLimb,T-EM,6,0.5651442791316742,0.7526481183734478
QSLimb,T-EM,6,0.6492153168428456,0.809200945494876
QSLimb,T-EM,6,0.6120708330635146,0.7536075764146661
QSLimb,T-EM,6,0.5243276209647479,0.6963899101758251
QSLimb,T-EM,6,0.532443250419979,0.714514264318385
QSLimb,T-EM,6,0.5438847015857757,0.727225625006791
QSLimb,T-EM,6,0.6503309949587793,0.8058832447088675
QSLimb,T-EM,6,0.5759241456495182,0.748317994207926
QSLimb,T-EM,6,0.5701356214459119,0.7508625317470888
QSLimb,T-EM,6,0.6624823865626596,0.8044569782834557
QSLimb,T-EM,6,0.6238346361479702,0.7795038809232616
QSLimb,T-EM,6,0.5497625807322594,0.7305383717729932
QSLimb,T-EM,6,0.6988878836618899,0.7626881539820022
QSLimb,T-EM,6,0.5083146164401795,0.6957219636003231
QSTrachea,WAC,4,0.4626706145104431,0.561777263720128
QSTrachea,WAC,4,0.4626706145104431,0.561777263720128
QSTrachea,WAC,4,0.4626706145104431,0.561777263720128
QSTrachea,WAC,4,0.4626706145104431,0.561777263720128
QSTrachea,WAC,4,0.4626706145104431,0.561777263720128
QSTrachea,WAC,4,0.4626706145104431,0.561777263720128
QSTrachea,WAC,4,0.4626706145104431,0.561777263720128
QSTrachea,WAC,4,0.4626706145104431,0.561777263720128
QSTrachea,WAC,4,0.4626706145104431,0.561777263720128
QSTrachea,WAC,4,0.4626706145104431,0.561777263720128
QSTrachea,WAC,4,0.4626706145104431,0.561777263720128
QSTrachea,WAC,4,0.4626706145104431,0.561777263720128
QSTrachea,WAC,4,0.4626706145104431,0.561777263720128
QSTrachea,WAC,4,0.4626706145104431,0.561777263720128
QSTrachea,WAC,4,0.4626706145104431,0.561777263720128
QSTrachea,WAC,4,0.4626706145104431,0.561777263720128
QSTrachea,WAC,4,0.4626706145104431,0.561777263720128
QSTrachea,WAC,4,0.4626706145104431,0.561777263720128
QSTrachea,WAC,4,0.4626706145104431,0.561777263720128
QSTrachea,WAC,4,0.4626706145104431,0.561777263720128
QSTrachea,T-WAC,4,0.4598006109890109,0.6008674292687064
QSTrachea,T-WAC,4,0.4598006109890109,0.6008674292687064
QSTrachea,T-WAC,4,0.4598006109890109,0.6008674292687064
QSTrachea,T-WAC,4,0.4598006109890109,0.6008674292687064
QSTrachea,T-WAC,4,0.4598006109890109,0.6008674292687064
QSTrachea,T-WAC,4,0.4598006109890109,0.6008674292687064
QSTrachea,T-WAC,4,0.4598006109890109,0.6008674292687064
QSTrachea,T-WAC,4,0.4598006109890109,0.6008674292687064
QSTrachea,T-WAC,4,0.4598006109890109,0.6008674292687064
QSTrachea,T-WAC,4,0.4598006109890109,0.6008674292687064
QSTrachea,T-WAC,4,0.4598006109890109,0.6008674292687064
QSTrachea,T-WAC,4,0.4598006109890109,0.6008674292687064
QSTrachea,T-WAC,4,0.4598006109890109,0.6008674292687064
QSTrachea,T-WAC,4,0.4598006109890109,0.6008674292687064
QSTrachea,T-WAC,4,0.4598006109890109,0.6008674292687064
QSTrachea,T-WAC,4,0.4598006109890109,0.6008674292687064
QSTrachea,T-WAC,4,0.4598006109890109,0.6008674292687064
QSTrachea,T-WAC,4,0.4598006109890109,0.6008674292687064
QSTrachea,T-WAC,4,0.4598006109890109,0.6008674292687064
QSTrachea,T-WAC,4,0.4598006109890109,0.6008674292687064
QSTrachea,EM,4,0.3630297282684065,0.6375334079964202
QSTrachea,EM,4,0.4411532311983233,0.5598190570925882
QSTrachea,EM,4,-0.0812512542535887,0.6325252218999343
QSTrachea,EM,4,0.276483292642159,0.6329894579132621
QSTrachea,EM,4,0.4713731749843677,0.6587295887158073
QSTrachea,EM,4,0.43620116301252787,0.6281632598317771
QSTrachea,EM,4,0.6484039728039972,0.6614394096471868
QSTrachea,EM,4,0.6956031226647922,0.6381952462921877
QSTrachea,EM,4,0.4892647464125733,0.6291345100517761
QSTrachea,EM,4,0.4077657616123228,0.6368446811562332
QSTrachea,EM,4,0.5882125592689161,0.49191169658682987
QSTrachea,EM,4,0.4985647008086382,0.6337527484743672
QSTrachea,EM,4,0.38609968496506625,0.6654287502837323
QSTrachea,EM,4,0.33731098520531455,0.6274078067164353
QSTrachea,EM,4,0.6199244986935087,0.6510096362153462
QSTrachea,EM,4,0.37812516925415096,0.6300251154211443
QSTrachea,EM,4,0.3380326877645559,0.6462215378501944
QSTrachea,EM,4,0.4931941393239819,0.6462761629927533
QSTrachea,EM,4,0.4130251734240795,0.6350453030077038
QSTrachea,EM,4,0.4855883856127285,0.652435400874961
QSTrachea,T-EM,4,0.5621297527471371,0.6375334079964202
QSTrachea,T-EM,4,0.4965361648999755,0.5598190570925882
QSTrachea,T-EM,4,0.5604936719789215,0.6325252218999343
QSTrachea,T-EM,4,0.5575335275301512,0.6329894579132621
QSTrachea,T-EM,4,0.5737523527700974,0.6587295887158073
QSTrachea,T-EM,4,0.5364966948946979,0.6281632598317771
QSTrachea,T-EM,4,0.5552359422857661,0.6614394096471868
QSTrachea,T-EM,4,0.5413655678524937,0.6381952462921877
QSTrachea,T-EM,4,0.5533853957301521,0.6291345100517761
QSTrachea,T-EM,4,0.5591096802220781,0.6368446811562332
QSTrachea,T-EM,4,0.2985518959752648,0.49191169658682987
QSTrachea,T-EM,4,0.5607133709552125,0.6337527484743672
QSTrachea,T-EM,4,0.5417622485690645,0.6654287502837323
QSTrachea,T-EM,4,0.5506829699518834,0.6274078067164353
QSTrachea,T-EM,4,0.5614685070414062,0.6510096362153462
QSTrachea,T-EM,4,0.5166402831660918,0.6300251154211443
QSTrachea,T-EM,4,0.5308842949442188,0.6462215378501944
QSTrachea,T-EM,4,0.5680145440520812,0.6462761629927533
QSTrachea,T-EM,4,0.5570645334139335,0.6350453030077038
QSTrachea,T-EM,4,0.5683900547031648,0.652435400874961
QSLung,WAC,11,0.4629439000671575,0.7175185483198068
QSLung,WAC,11,0.4629439000671575,0.7175185483198068
QSLung,WAC,11,0.4629439000671575,0.7175185483198068
QSLung,WAC,11,0.4629439000671575,0.7175185483198068
QSLung,WAC,11,0.4629439000671575,0.7175185483198068
QSLung,WAC,11,0.4629439000671575,0.7175185483198068
QSLung,WAC,11,0.4629439000671575,0.7175185483198068
QSLung,WAC,11,0.4629439000671575,0.7175185483198068
QSLung,WAC,11,0.4629439000671575,0.7175185483198068
QSLung,WAC,11,0.4629439000671575,0.7175185483198068
QSLung,WAC,11,0.4629439000671575,0.7175185483198068
QSLung,WAC,11,0.4629439000671575,0.7175185483198068
QSLung,WAC,11,0.4629439000671575,0.7175185483198068
QSLung,WAC,11,0.4629439000671575,0.7175185483198068
QSLung,WAC,11,0.4629439000671575,0.7175185483198068
QSLung,WAC,11,0.4629439000671575,0.7175185483198068
QSLung,WAC,11,0.4629439000671575,0.7175185483198068
QSLung,WAC,11,0.4629439000671575,0.7175185483198068
QSLung,WAC,11,0.4629439000671575,0.7175185483198068
QSLung,WAC,11,0.4629439000671575,0.7175185483198068
QSLung,T-WAC,11,0.4275157485461321,0.6926361142059577
QSLung,T-WAC,11,0.4275157485461321,0.6926361142059577
QSLung,T-WAC,11,0.4275157485461321,0.6926361142059577
QSLung,T-WAC,11,0.4275157485461321,0.6926361142059577
QSLung,T-WAC,11,0.4275157485461321,0.6926361142059577
QSLung,T-WAC,11,0.4275157485461321,0.6926361142059577
QSLung,T-WAC,11,0.4275157485461321,0.6926361142059577
QSLung,T-WAC,11,0.4275157485461321,0.6926361142059577
QSLung,T-WAC,11,0.4275157485461321,0.6926361142059577
QSLung,T-WAC,11,0.4275157485461321,0.6926361142059577
QSLung,T-WAC,11,0.4275157485461321,0.6926361142059577
QSLung,T-WAC,11,0.4275157485461321,0.6926361142059577
QSLung,T-WAC,11,0.4275157485461321,0.6926361142059577
QSLung,T-WAC,11,0.4275157485461321,0.6926361142059577
QSLung,T-WAC,11,0.4275157485461321,0.6926361142059577
QSLung,T-WAC,11,0.4275157485461321,0.6926361142059577
QSLung,T-WAC,11,0.4275157485461321,0.6926361142059577
QSLung,T-WAC,11,0.4275157485461321,0.6926361142059577
QSLung,T-WAC,11,0.4275157485461321,0.6926361142059577
QSLung,T-WAC,11,0.4275157485461321,0.6926361142059577
QSLung,EM,11,0.7615692884509301,0.6895773898959273
QSLung,EM,11,0.4656642202653171,0.679625936940334
QSLung,EM,11,0.6727876410682013,0.7502571348547412
QSLung,EM,11,0.6619427619073963,0.6633857735917842
QSLung,EM,11,0.537370769314175,0.6259307638030164
QSLung,EM,11,0.35818359758105234,0.6838078128499651
QSLung,EM,11,0.5274531144636078,0.7108475254507155
QSLung,EM,11,0.38646963661312017,0.7025636566215743
QSLung,EM,11,0.6947863578744619,0.669572252156785
QSLung,EM,11,0.43884871565440703,0.7287253319525182
QSLung,EM,11,0.7524013554372742,0.7028040523188809
QSLung,EM,11,0.525914005471779,0.6558193616251137
QSLung,EM,11,0.4934399227418629,0.6858889021312827
QSLung,EM,11,0.41882858957853647,0.6898124318457604
QSLung,EM,11,0.5998276730706898,0.6680598566542536
QSLung,EM,11,0.35346318368736696,0.7060438013262228
QSLung,EM,11,0.4483783221541006,0.6611100095769366
QSLung,EM,11,0.6178048763509519,0.6722852735939644
QSLung,EM,11,0.5266988263941454,0.7179806035012068
QSLung,EM,11,0.3142522750701224,0.7466285037481205
QSLung,T-EM,11,0.4348181761861156,0.6895773898959273
QSLung,T-EM,11,0.36823416607833254,0.679625936940334
QSLung,T-EM,11,0.5179238693547864,0.7502571348547412
QSLung,T-EM,11,0.3791646229129143,0.6633857735917842
QSLung,T-EM,11,0.2909413397256283,0.6259307638030164
QSLung,T-EM,11,0.4060174155217537,0.6838078128499651
QSLung,T-EM,11,0.4540001120058054,0.7108475254507155
QSLung,T-EM,11,0.4031785370898151,0.7025636566215743
QSLung,T-EM,11,0.36084691725616563,0.669572252156785
QSLung,T-EM,11,0.49669849851793524,0.7287253319525182
QSLung,T-EM,11,0.3938252048778896,0.7028040523188809
QSLung,T-EM,11,0.34753475137308776,0.6558193616251137
QSLung,T-EM,11,0.3902030586463969,0.6858889021312827
QSLung,T-EM,11,0.37988894834124204,0.6898124318457604
QSLung,T-EM,11,0.37492388731324106,0.6680598566542536
QSLung,T-EM,11,0.43738063003191446,0.7060438013262228
QSLung,T-EM,11,0.32998385789339335,0.6611100095769366
QSLung,T-EM,11,0.37360374855917455,0.6722852735939644
QSLung,T-EM,11,0.46115187927317175,0.7179806035012068
QSLung,T-EM,11,0.48119520301062946,0.7466285037481205
QSDiaphragm,WAC,5,0.9778027159216881,0.9504793953886171
QSDiaphragm,WAC,5,0.9778027159216881,0.9504793953886171
QSDiaphragm,WAC,5,0.9778027159216881,0.9504793953886171
QSDiaphragm,WAC,5,0.9778027159216881,0.9504793953886171
QSDiaphragm,WAC,5,0.9778027159216881,0.9504793953886171
QSDiaphragm,WAC,5,0.9778027159216881,0.9504793953886171
QSDiaphragm,WAC,5,0.9778027159216881,0.9504793953886171
QSDiaphragm,WAC,5,0.9778027159216881,0.9504793953886171
QSDiaphragm,WAC,5,0.9778027159216881,0.9504793953886171
QSDiaphragm,WAC,5,0.9778027159216881,0.9504793953886171
QSDiaphragm,WAC,5,0.9778027159216881,0.9504793953886171
QSDiaphragm,WAC,5,0.9778027159216881,0.9504793953886171
QSDiaphragm,WAC,5,0.9778027159216881,0.9504793953886171
QSDiaphragm,WAC,5,0.9778027159216881,0.9504793953886171
QSDiaphragm,WAC,5,0.9778027159216881,0.9504793953886171
QSDiaphragm,WAC,5,0.9778027159216881,0.9504793953886171
QSDiaphragm,WAC,5,0.9778027159216881,0.9504793953886171
QSDiaphragm,WAC,5,0.9778027159216881,0.9504793953886171
QSDiaphragm,WAC,5,0.9778027159216881,0.9504793953886171
QSDiaphragm,WAC,5,0.9778027159216881,0.9504793953886171
QSDiaphragm,T-WAC,5,0.9719628280300547,0.9474817847787147
QSDiaphragm,T-WAC,5,0.9719628280300547,0.9474817847787147
QSDiaphragm,T-WAC,5,0.9719628280300547,0.9474817847787147
QSDiaphragm,T-WAC,5,0.9719628280300547,0.9474817847787147
QSDiaphragm,T-WAC,5,0.9719628280300547,0.9474817847787147
QSDiaphragm,T-WAC,5,0.9719628280300547,0.9474817847787147
QSDiaphragm,T-WAC,5,0.9719628280300547,0.9474817847787147
QSDiaphragm,T-WAC,5,0.9719628280300547,0.9474817847787147
QSDiaphragm,T-WAC,5,0.9719628280300547,0.9474817847787147
QSDiaphragm,T-WAC,5,0.9719628280300547,0.9474817847787147
QSDiaphragm,T-WAC,5,0.9719628280300547,0.9474817847787147
QSDiaphragm,T-WAC,5,0.9719628280300547,0.9474817847787147
QSDiaphragm,T-WAC,5,0.9719628280300547,0.9474817847787147
QSDiaphragm,T-WAC,5,0.9719628280300547,0.9474817847787147
QSDiaphragm,T-WAC,5,0.9719628280300547,0.9474817847787147
QSDiaphragm,T-WAC,5,0.9719628280300547,0.9474817847787147
QSDiaphragm,T-WAC,5,0.9719628280300547,0.9474817847787147
QSDiaphragm,T-WAC,5,0.9719628280300547,0.9474817847787147
QSDiaphragm,T-WAC,5,0.9719628280300547,0.9474817847787147
QSDiaphragm,T-WAC,5,0.9719628280300547,0.9474817847787147
QSDiaphragm,EM,5,0.49417849478617915,0.8255658415782156
QSDiaphragm,EM,5,0.21811649778774483,0.8265918650090147
QSDiaphragm,EM,5,0.3560585404452106,0.8301434142961356
QSDiaphragm,EM,5,0.5330788670452649,0.9268699112755134
QSDiaphragm,EM,5,0.06409076943787946,0.8320861679545479
QSDiaphragm,EM,5,0.5171447377808843,0.9443033349925889
QSDiaphragm,EM,5,0.5549701141278663,0.828661026841154
QSDiaphragm,EM,5,0.22562807148000305,0.822354025038807
QSDiaphragm,EM,5,0.5553841055218927,0.8272968993541908
QSDiaphragm,EM,5,0.6152634784317575,0.8217753827086216
QSDiaphragm,EM,5,0.18674603663635522,0.8272968993541907
QSDiaphragm,EM,5,0.082271146809911,0.9367769190447642
QSDiaphragm,EM,5,0.8608816246432576,0.866104026562566
QSDiaphragm,EM,5,0.09107113808986798,0.8256229453429831
QSDiaphragm,EM,5,0.5490574652360642,0.8208116246231602
QSDiaphragm,EM,5,0.5952053674620813,0.8255522049028463
QSDiaphragm,EM,5,0.2623526453462435,0.8205769927734152
QSDiaphragm,EM,5,0.5044717282022337,0.8260318902596343
QSDiaphragm,EM,5,0.6151629820615677,0.820967179182355
QSDiaphragm,EM,5,0.3607089366420928,0.9144899239618276
QSDiaphragm,T-EM,5,0.6685073665233254,0.8255658415782156
QSDiaphragm,T-EM,5,0.6729881049050038,0.8265918650090147
QSDiaphragm,T-EM,5,0.6883024349219599,0.8301434142961356
QSDiaphragm,T-EM,5,0.9584804090654293,0.9268699112755134
QSDiaphragm,T-EM,5,0.6964868338420485,0.8320861679545479
QSDiaphragm,T-EM,5,0.9723597629919308,0.9443033349925889
QSDiaphragm,T-EM,5,0.6764159322495128,0.828661026841154
QSDiaphragm,T-EM,5,0.6734091987906415,0.822354025038807
QSDiaphragm,T-EM,5,0.6703804506926101,0.8272968993541908
QSDiaphragm,T-EM,5,0.6708685212181048,0.8217753827086216
QSDiaphragm,T-EM,5,0.6703804506926101,0.8272968993541907
QSDiaphragm,T-EM,5,0.968625437518147,0.9367769190447642
QSDiaphragm,T-EM,5,0.8922717031970827,0.866104026562566
QSDiaphragm,T-EM,5,0.6688575654875719,0.8256229453429831
QSDiaphragm,T-EM,5,0.6667346194633815,0.8208116246231602
QSDiaphragm,T-EM,5,0.6685341008274736,0.8255522049028463
QSDiaphragm,T-EM,5,0.6656296746124799,0.8205769927734152
QSDiaphragm,T-EM,5,0.6707083752055858,0.8260318902596343
QSDiaphragm,T-EM,5,0.6922428470850094,0.820967179182355
QSDiaphragm,T-EM,5,0.9630302564466041,0.9144899239618276
Q10XSpleen,WAC,5,0.5253648726977164,0.6892744215476664
Q10XSpleen,WAC,5,0.5253648726977164,0.6892744215476664
Q10XSpleen,WAC,5,0.5253648726977164,0.6892744215476664
Q10XSpleen,WAC,5,0.5253648726977164,0.6892744215476664
Q10XSpleen,WAC,5,0.5253648726977164,0.6892744215476664
Q10XSpleen,WAC,5,0.5253648726977164,0.6892744215476664
Q10XSpleen,WAC,5,0.5253648726977164,0.6892744215476664
Q10XSpleen,WAC,5,0.5253648726977164,0.6892744215476664
Q10XSpleen,WAC,5,0.5253648726977164,0.6892744215476664
Q10XSpleen,WAC,5,0.5253648726977164,0.6892744215476664
Q10XSpleen,WAC,5,0.5253648726977164,0.6892744215476664
Q10XSpleen,WAC,5,0.5253648726977164,0.6892744215476664
Q10XSpleen,WAC,5,0.5253648726977164,0.6892744215476664
Q10XSpleen,WAC,5,0.5253648726977164,0.6892744215476664
Q10XSpleen,WAC,5,0.5253648726977164,0.6892744215476664
Q10XSpleen,WAC,5,0.5253648726977164,0.6892744215476664
Q10XSpleen,WAC,5,0.5253648726977164,0.6892744215476664
Q10XSpleen,WAC,5,0.5253648726977164,0.6892744215476664
Q10XSpleen,WAC,5,0.5253648726977164,0.6892744215476664
Q10XSpleen,WAC,5,0.5253648726977164,0.6892744215476664
Q10XSpleen,T-WAC,5,0.7783140356894338,0.6829373220810144
Q10XSpleen,T-WAC,5,0.7783140356894338,0.6829373220810144
Q10XSpleen,T-WAC,5,0.7783140356894338,0.6829373220810144
Q10XSpleen,T-WAC,5,0.7783140356894338,0.6829373220810144
Q10XSpleen,T-WAC,5,0.7783140356894338,0.6829373220810144
Q10XSpleen,T-WAC,5,0.7783140356894338,0.6829373220810144
Q10XSpleen,T-WAC,5,0.7783140356894338,0.6829373220810144
Q10XSpleen,T-WAC,5,0.7783140356894338,0.6829373220810144
Q10XSpleen,T-WAC,5,0.7783140356894338,0.6829373220810144
Q10XSpleen,T-WAC,5,0.7783140356894338,0.6829373220810144
Q10XSpleen,T-WAC,5,0.7783140356894338,0.6829373220810144
Q10XSpleen,T-WAC,5,0.7783140356894338,0.6829373220810144
Q10XSpleen,T-WAC,5,0.7783140356894338,0.6829373220810144
Q10XSpleen,T-WAC,5,0.7783140356894338,0.6829373220810144
Q10XSpleen,T-WAC,5,0.7783140356894338,0.6829373220810144
Q10XSpleen,T-WAC,5,0.7783140356894338,0.6829373220810144
Q10XSpleen,T-WAC,5,0.7783140356894338,0.6829373220810144
Q10XSpleen,T-WAC,5,0.7783140356894338,0.6829373220810144
Q10XSpleen,T-WAC,5,0.7783140356894338,0.6829373220810144
Q10XSpleen,T-WAC,5,0.7783140356894338,0.6829373220810144
Q10XSpleen,EM,5,0.4476050180967549,0.3399026145656073
Q10XSpleen,EM,5,0.41594458746139173,0.33987748307977483
Q10XSpleen,EM,5,0.4296901506056395,0.3412305984575646
Q10XSpleen,EM,5,0.6259125872776716,0.13473181068231813
Q10XSpleen,EM,5,0.3467476636699389,0.3383576989888905
Q10XSpleen,EM,5,0.7951045889777519,0.12132218276747546
Q10XSpleen,EM,5,0.5992964405819352,0.34192508351339723
Q10XSpleen,EM,5,0.28780494558557024,0.3425931399437195
Q10XSpleen,EM,5,0.6700813923409694,0.34257176832095837
Q10XSpleen,EM,5,0.573576772889298,0.36760187202832006
Q10XSpleen,EM,5,0.5008986910962469,0.1342300946196456
Q10XSpleen,EM,5,0.5018775470900928,0.33990261456560733
Q10XSpleen,EM,5,0.8076479643412556,0.34005726926041446
Q10XSpleen,EM,5,0.4980726731589078,0.3409522990764475
Q10XSpleen,EM,5,0.4606651048688231,0.13859942013162846
Q10XSpleen,EM,5,0.8577786674531023,0.3387438914167184
Q10XSpleen,EM,5,0.8261503616474182,0.3449067476206965
Q10XSpleen,EM,5,0.6031955434344426,0.33940751257531854
Q10XSpleen,EM,5,0.44315116544918676,0.28880797450477413
Q10XSpleen,EM,5,0.5506070663355662,0.33940751257531854
Q10XSpleen,T-EM,5,0.3349629028925352,0.3399026145656073
Q10XSpleen,T-EM,5,0.334555977441517,0.33987748307977483
Q10XSpleen,T-EM,5,0.334965597772731,0.3412305984575646
Q10XSpleen,T-EM,5,0.15400438007346307,0.13473181068231813
Q10XSpleen,T-EM,5,0.3333500138754191,0.3383576989888905
Q10XSpleen,T-EM,5,0.13177513229034815,0.12132218276747546
Q10XSpleen,T-EM,5,0.335238618895139,0.34192508351339723
Q10XSpleen,T-EM,5,0.33623848877477147,0.3425931399437195
Q10XSpleen,T-EM,5,0.33521566063237024,0.34257176832095837
Q10XSpleen,T-EM,5,0.3784938671867056,0.36760187202832006
Q10XSpleen,T-EM,5,0.1531636907754321,0.1342300946196456
Q10XSpleen,T-EM,5,0.3349629028925352,0.33990261456560733
Q10XSpleen,T-EM,5,0.3350598147482228,0.34005726926041446
Q10XSpleen,T-EM,5,0.33521975096883755,0.3409522990764475
Q10XSpleen,T-EM,5,0.15943122610568705,0.13859942013162846
Q10XSpleen,T-EM,5,0.33439198479726895,0.3387438914167184
Q10XSpleen,T-EM,5,0.33673785163993003,0.3449067476206965
Q10XSpleen,T-EM,5,0.33473851912245484,0.33940751257531854
Q10XSpleen,T-EM,5,0.2532166981853648,0.28880797450477413
Q10XSpleen,T-EM,5,0.33473851912245484,0.33940751257531854
